{
  "AboutForm_Description": "Hej!\r\n\r\nJeg håber at du nyder programmet. Jeg har lavet dette program som et proof of concept\r\n til at lave af pixelart i høj kvalitet. Dette system giver et par visningsmuligheder for at hjælpe\r\ndig med at bygge pixelarten spillet. Du kan også gemme i PNG- eller Schematic format.\r\nVigtigst er at du kan bruge dobbeltlagstilstanden, der kombinerer farvet glas\r\npaneler med nyere Minecraft-blokke for at skabe en endnu større farvepalet.\r\n\r\nNedenfor er der et par links, som du måske finder nyttige. Tjek dem, hvis du får en\r\nchance.\r\n\r\nTaylor Love\r\nAka Pangamma",
  "AboutForm_DonateText": "Køb mig en øl!",
  "AboutForm_DownloadText": "Download",
  "AboutForm_FontMakerText": "Font Maker",
  "AboutForm_LinkedOInText": "Min LinkedIn",
  "AboutForm_MyWebsiteText": "Min Hjemmeside",
  "AboutForm_Title": "Om Pangammas PixelStacker",
  "AboutForm_WoolcityProjectText": "Besøg Wool City-projektet",
  "Action_Add_0": "Tilføj '{0}'",
  "Action_DisableQuantizer": "Deaktiver Quantizer",
  "Action_EnableQuantizer": "Aktivér Quantizer",
  "Action_Filter": "Filter",
  "Action_Open": "Åben",
  "Action_Redo": "Parat",
  "Action_Remove_0": "Fjern '{0}'",
  "Action_Save": "Gem",
  "Action_Undo": "Fortryd",
  "Action_View": "Vis",
  "AreYouSure": "Er du sikker?",
  "DDL_SelectProfile": "Vælg profil",
  "ErrorSender_ErrorOccurred": "Der opstod en fejl.",
  "ErrorSender_Github": "Github-problem.",
  "ErrorSender_IncludeImage": "Er du villig til at uploade dit nuværende billede til analyse? (Valgfri)",
  "ErrorSender_No": "Nej, spring rapporten over for nu.",
  "ErrorSender_SavedOptions": "Upload aktuelle gemte valgmulighedsindstillinger. (Påkrævet)",
  "ErrorSender_SendMeSomeInfo": "Er du villig til at sende mig nogle oplysninger for at hjælpe mig med at løse denne fejl?\r\nHvis ja, vil følgende info blive lagt i en zip-fil. Derefter kan du sende informationen til\r\nmig som en",
  "ErrorSender_StackTrace": "Upload stacktrace + fejlmeddelelser. (Påkrævet)",
  "ErrorSender_Title": "Fejlrapporter",
  "ErrorSender_Version": "Nuværende PixelStacker-version (påkrævet)",
  "ErrorSender_Yes": "Ja! Zip nogle oplysninger, så problemet kan løses.",
  "Error_GlassRequiredForMultiLayer": "Mindst et glasmateriale skal være aktiveret, når du vælger at kræve flere lag.",
  "Error_NeedMoreRam": "Ikke nok hukommelse. Prøv igen eller reducer billedstørrelsen, hvis problemet fortsætter.",
  "Error_NonGlassRequired": "Mindst et ikke-glasmateriale skal vælges.",
  "Error_OneMaterialRequired": "Mindst ét materiale skal altid være aktiveret.",
  "Error_SomethingIsWrong": "Der er noget galt.",
  "MainForm_Open_Title": "Åben fil",
  "MainForm_SaveColorPalette_Title": "Gem farvepalet",
  "MainForm_Save_Title": "Gem",
  "MainForm_Title": "Pangammas PixelStacker",
  "MainMenu_About": "Om",
  "MainMenu_CP_AllColors_Compact": "Alle farver (kompakt)",
  "MainMenu_CP_AllColors_Detailed": "Alle farver (detaljeret)",
  "MainMenu_CP_Brick": "Mursten",
  "MainMenu_CP_Graph": "Kurve",
  "MainMenu_CP_Square": "Firkant",
  "MainMenu_DownOneLayer": "1 lag ned",
  "MainMenu_Edit": "Rediger",
  "MainMenu_ExportSettings": "Eksportindstillinger",
  "MainMenu_File": "Fil",
  "MainMenu_Help": "Hjælp",
  "MainMenu_Language": "Sprog",
  "MainMenu_Lang_Chinese": "Kinesisk (forenklet)",
  "MainMenu_Lang_Danish": "Dansk",
  "MainMenu_Lang_English": "Engelsk",
  "MainMenu_Lang_French": "Fransk",
  "MainMenu_Lang_German": "Tysk",
  "MainMenu_Lang_Japanese": "Japansk",
  "MainMenu_Lang_Korean": "Koreansk",
  "MainMenu_Lang_Spanish": "Spansk",
  "MainMenu_LayerFiltering": "Lagfiltrering",
  "MainMenu_MaterialOptions": "Materiale muligheder",
  "MainMenu_OtherOptions": "Andre indstillinger",
  "MainMenu_PreRender": "Pre-Render",
  "MainMenu_QuantizerOptions": "Quantizer-indstillinger",
  "MainMenu_Render": "Render",
  "MainMenu_ReOpen": "Åbn igen",
  "MainMenu_SaveColorPalette": "Gem farvepalet",
  "MainMenu_SaveSettings": "Gem indstillinger",
  "MainMenu_ToggleBorder": "Vis Kant",
  "MainMenu_ToggleGrid": "Vis Gitter",
  "MainMenu_ToggleHideTexture": "Skjul tekstur",
  "MainMenu_ToggleLayerFilter": "Vis Lagfilter",
  "MainMenu_TogglePalette": "Vis Palette",
  "MainMenu_ToggleProgress": "Vis Fremskridt",
  "MainMenu_Tools": "Værktøjer",
  "MainMenu_UpOneLayer": "1 lag op",
  "MaterialSelect_ColorProfile": "Farveprofil",
  "MaterialSelect_IsMultiLayer": "Aktivér 2. lag",
  "MaterialSelect_IsMultiLayerRequired": "Kræv 2. lag",
  "MaterialSelect_IsSideView": "Set fra siden",
  "MaterialSelect_Title": "Valg af materiale",
  "OtherOptions_btnFactoryReset": "Gendan fabriksindstillinger",
  "OtherOptions_cbxIsFrugalWithMaterials": "Tilføj ekstra dybdeskygger til gengivelser",
  "OtherOptions_cbxIsSideView": "Set fra siden? (Påvirker outputorientering)",
  "OtherOptions_cbxSkipShadowRendering": "Spring skyggegengivelse over",
  "OtherOptions_ConfirmFactoryReset": "Er du sikker på, at du vil nulstille alle PixelStacker-indstillinger tilbage til standardindstillingerne? Omfatter materialer, størrelser, visningstilstande, gengivelsesmuligheder osv.",
  "OtherOptions_GridColor": "Gitterfarve",
  "OtherOptions_GridSize": "Gitterstørrelse",
  "OtherOptions_MaxHeight": "Maks. Højde",
  "OtherOptions_MaxWidth": "Maks. Bredde",
  "OtherOptions_Title": "Andre indstillinger",
  "PreRenderOptions_Algorithm": "Algoritme",
  "PreRenderOptions_Algorithm_Tooltip": "Forskellige algoritmer bruger forskellige strategier til\r\nat kombinere farver sammen. Nogle bruger farve spande,\r\nandre bruger lokal afstand til nærliggende farver. Prøv\r\ndem alle og beslut dig, hvilken der er din favorit.",
  "PreRenderOptions_ColorCache": "Farvecache",
  "PreRenderOptions_ColorCacheSize": "Farve cache størrelse",
  "PreRenderOptions_ColorCacheSize_Tooltip": "Mindre værdier er hurtigere, men mindre nøjagtige.\r\nHøjere værdier er langsommere, men mere nøjagtige.",
  "PreRenderOptions_ColorCount": "Farvetælling",
  "PreRenderOptions_ColorCount_Tooltip": "Maks. Antal farver.",
  "PreRenderOptions_Dither": "Dither",
  "PreRenderOptions_Dither_Tooltip": "Nogle kan lide dithering.\r\nDet kan jeg ikke. Det kan jeg aldrig. Jeg hader\r\ndithering. Men du vælger selv.",
  "PreRenderOptions_Parallel": "Parallel",
  "PreRenderOptions_Parallel_Tooltip": "Fremskynd kvantiseringsprocessen ved at tage\r\nfordel af en multicore CPU.\r\n\r\nLavere værdier = mere stabile\r\nHøjere værdier = hurtigere\r\nSuper høje værdier = mulige fejl",
  "PreRenderOptions_QuantizerSettings": "Kvantiseringsindstillinger",
  "Progress_CompilingColorMap": "Kompilering af farvekort.",
  "Progress_Finished": "Færdig.",
  "Progress_PreparingCanvasForTextures": "Forbereder lærred til maling.",
  "Progress_QuantizingImage": "Kvantiserende billede",
  "RenderedImagePanel_AddAll": "Tilføj alle",
  "RenderedImagePanel_AvgColorCode": "Gennemsnitlig farvekode",
  "RenderedImagePanel_MaterialFilter": "Materiale filter",
  "RenderedImagePanel_RemoveAll": "Fjern alt",
  "RenderedImagePanel_ReplaceColor": "Udskift farve (Kræver gengivelse)",
  "Error_CannotExceedWorldHeight_0": "Minecraft understøtter ikke billeder, der er højere end {0} blokke.",
  "MainMenu_Lang_Dutch": "Hollandsk"
}
