{
  "AboutForm_Description": "Hallo!\r\n\r\nIch hoffe, Sie genießen dieses Programm bisher. Ich habe dieses Programm als Proof of Concept erstellt\r\n zum Erstellen hochwertiger Pixelart. Dieses System bietet einige Anzeigeoptionen, um zu helfen\r\nDu baust die Kunst tatsächlich im Spiel. Sie können auch im PNG- oder Schaltplanformat speichern.\r\nAm wichtigsten. Sie können den Doppelschichtmodus verwenden, der Glasmalerei kombiniert\r\nPanels mit neueren Minecraft-Blöcken, um eine noch größere Farbpalette zu erstellen.\r\n\r\nDarunter finden Sie einige Links, die Sie möglicherweise nützlich finden. Überprüfen Sie sie, wenn Sie eine bekommen\r\nChance.\r\n\r\nTaylor Liebe\r\nAka Pangamma",
  "AboutForm_DonateText": "Kauf mir ein Bier!",
  "AboutForm_DownloadText": "Ort herunterladen",
  "AboutForm_FontMakerText": "Font Maker",
  "AboutForm_LinkedOInText": "Mein LinkedIn",
  "AboutForm_MyWebsiteText": "Meine Webseite",
  "AboutForm_Title": "Über Pangammas PixelStacker",
  "AboutForm_WoolcityProjectText": "Besuchen Sie das Wool City Project",
  "Action_Add_0": "Füge '{0}' hinzu",
  "Action_DisableQuantizer": "Deaktivieren Sie den Quantizer",
  "Action_EnableQuantizer": "Quantizer aktivieren",
  "Action_Filter": "Filter",
  "Action_Open": "Öffnen",
  "Action_Redo": "Bereit",
  "Action_Remove_0": "Entfernen Sie '{0}'",
  "Action_Save": "speichern",
  "Action_Undo": "Rückgängig machen",
  "Action_View": "Ansicht",
  "AreYouSure": "Bist du sicher?",
  "DDL_SelectProfile": "Wähle Profil",
  "ErrorSender_ErrorOccurred": "Ein Fehler ist aufgetreten.",
  "ErrorSender_Github": "Github-Problem.",
  "ErrorSender_IncludeImage": "Sind Sie bereit, Ihr aktuelles Bild zur Analyse hochzuladen? (Optional)",
  "ErrorSender_No": "Nein, überspringen Sie den Bericht vorerst.",
  "ErrorSender_SavedOptions": "Laden Sie die aktuell gespeicherten Optionseinstellungen hoch. (Erforderlich)",
  "ErrorSender_SendMeSomeInfo": "Sind Sie bereit, mir einige Informationen zu senden, um diesen Fehler zu beheben?\r\nWenn ja, werden die folgenden Informationen komprimiert. Dann können Sie die Informationen an senden\r\nich als",
  "ErrorSender_StackTrace": "Laden Sie Stacktrace + Fehlermeldungen hoch. (Erforderlich)",
  "ErrorSender_Title": "Fehlerberichterstatter",
  "ErrorSender_Version": "Aktuelle PixelStacker-Version (Erforderlich)",
  "ErrorSender_Yes": "Ja! Zippen Sie einige Informationen, damit das Problem behoben werden kann.",
  "Error_GlassRequiredForMultiLayer": "Mindestens ein Glasmaterial muss aktiviert sein, wenn Sie mehrere Schichten benötigen.",
  "Error_NeedMoreRam": "Nicht genug Speicher. Bitte versuchen Sie es erneut oder reduzieren Sie die Bildgröße, wenn das Problem weiterhin besteht.",
  "Error_NonGlassRequired": "Es muss mindestens ein Nichtglasmaterial ausgewählt werden.",
  "Error_OneMaterialRequired": "Es muss immer mindestens ein Material aktiviert sein.",
  "Error_SomethingIsWrong": "Da stimmt etwas nicht.",
  "MainForm_Open_Title": "Datei öffnen",
  "MainForm_SaveColorPalette_Title": "Farbpalette speichern",
  "MainForm_Save_Title": "speichern",
  "MainForm_Title": "Pangammas PixelStacker",
  "MainMenu_About": "Über",
  "MainMenu_CP_AllColors_Compact": "Alle Farben (kompakt)",
  "MainMenu_CP_AllColors_Detailed": "Alle Farben (detailliert)",
  "MainMenu_CP_Brick": "Backstein",
  "MainMenu_CP_Graph": "Graph",
  "MainMenu_CP_Square": "Platz",
  "MainMenu_DownOneLayer": "1 Schicht runter",
  "MainMenu_Edit": "Bearbeiten",
  "MainMenu_ExportSettings": "Exporteinstellungen",
  "MainMenu_File": "Datei",
  "MainMenu_Help": "Hilfe",
  "MainMenu_Language": "Sprache",
  "MainMenu_Lang_Chinese": "Vereinfachtes Chinesisch)",
  "MainMenu_Lang_Danish": "dänisch",
  "MainMenu_Lang_English": "Englisch",
  "MainMenu_Lang_French": "Französisch",
  "MainMenu_Lang_German": "Deutsche",
  "MainMenu_Lang_Japanese": "japanisch",
  "MainMenu_Lang_Korean": "Koreanisch",
  "MainMenu_Lang_Spanish": "Spanisch",
  "MainMenu_LayerFiltering": "Ebenenfilterung",
  "MainMenu_MaterialOptions": "Materialoptionen",
  "MainMenu_OtherOptions": "Andere Optionen",
  "MainMenu_PreRender": "Pre-Rendering",
  "MainMenu_QuantizerOptions": "Quantisiereroptionen",
  "MainMenu_Render": "Erstellen",
  "MainMenu_ReOpen": "Wieder öffnen",
  "MainMenu_SaveColorPalette": "Farbpalette speichern",
  "MainMenu_SaveSettings": "Einstellungen speichern",
  "MainMenu_ToggleBorder": "Rand erstellen",
  "MainMenu_ToggleGrid": "Raster umschalten",
  "MainMenu_ToggleHideTexture": "Textur ausblenden umschalten",
  "MainMenu_ToggleLayerFilter": "Ebenenfilter umschalten",
  "MainMenu_TogglePalette": "Palette umschalten",
  "MainMenu_ToggleProgress": "Fortschritt umschalten",
  "MainMenu_Tools": "Werkzeuge",
  "MainMenu_UpOneLayer": "Bis 1 Schicht",
  "MaterialSelect_ColorProfile": "Farbprofil",
  "MaterialSelect_IsMultiLayer": "Aktivieren Sie die 2. Ebene",
  "MaterialSelect_IsMultiLayerRequired": "Benötige 2. Schicht",
  "MaterialSelect_IsSideView": "Seitenansicht",
  "MaterialSelect_Title": "Materialauswahl",
  "OtherOptions_btnFactoryReset": "Werkseinstellungen zurückgesetzt",
  "OtherOptions_cbxIsFrugalWithMaterials": "Fügen Sie dem Rendern zusätzliche Tiefenschatten hinzu",
  "OtherOptions_cbxIsSideView": "Seitenansicht? (Beeinflusst die Ausgabeorientierung)",
  "OtherOptions_cbxSkipShadowRendering": "Schatten-Rendering überspringen",
  "OtherOptions_ConfirmFactoryReset": "Möchten Sie wirklich alle PixelStacker-Optionen auf die Standardeinstellungen zurücksetzen? Enthält Materialien, Größen, Ansichtsstatus, Renderoptionen usw.",
  "OtherOptions_GridColor": "Rasterfarbe",
  "OtherOptions_GridSize": "Rastergröße",
  "OtherOptions_MaxHeight": "Maximale Höhe",
  "OtherOptions_MaxWidth": "Maximale Breite",
  "OtherOptions_Title": "Andere Optionen",
  "PreRenderOptions_Algorithm": "Algorithmus",
  "PreRenderOptions_Algorithm_Tooltip": "Unterschiedliche Algorithmen verwenden unterschiedliche Strategien für\r\nFarben miteinander kombinieren. Einige verwenden Farbeimer,\r\nandere verwenden den Standortabstand zu Farben in der Nähe. Versuchen\r\nsie alle und entscheiden, welches Ihr Favorit ist.",
  "PreRenderOptions_ColorCache": "Farbcache",
  "PreRenderOptions_ColorCacheSize": "Farbcache-Größe",
  "PreRenderOptions_ColorCacheSize_Tooltip": "Kleinere Werte sind schneller, aber weniger genau.\r\nHöhere Werte sind langsamer, aber genauer.",
  "PreRenderOptions_ColorCount": "Farbanzahl",
  "PreRenderOptions_ColorCount_Tooltip": "Maximale Farbanzahl.",
  "PreRenderOptions_Dither": "Zittern",
  "PreRenderOptions_Dither_Tooltip": "Manche Leute mögen Dithering.\r\nIch nicht. Ich mache nie. ich hasse\r\nZittern. Aber hey, du tust es.",
  "PreRenderOptions_Parallel": "Parallel",
  "PreRenderOptions_Parallel_Tooltip": "Beschleunigen Sie den Quantisierungsprozess, indem Sie nehmen\r\nVorteil einer Multicore-CPU.\r\n\r\nNiedrigere Werte = stabiler\r\nHöhere Werte = schneller\r\nSuper hohe Werte = mögliche Störungen",
  "PreRenderOptions_QuantizerSettings": "QuantizerSettings",
  "Progress_CompilingColorMap": "Farbkarte kompilieren.",
  "Progress_Finished": "Fertig.",
  "Progress_PreparingCanvasForTextures": "Leinwand zum Malen vorbereiten.",
  "Progress_QuantizingImage": "Bild quantisieren",
  "RenderedImagePanel_AddAll": "Füge alle Hinzu",
  "RenderedImagePanel_AvgColorCode": "Durchschnittlicher Farbcode",
  "RenderedImagePanel_MaterialFilter": "Materialfilter",
  "RenderedImagePanel_RemoveAll": "Alles entfernen",
  "RenderedImagePanel_ReplaceColor": "Farbe ersetzen (erneutes Rendern erforderlich)",
  "Error_CannotExceedWorldHeight_0": "Minecraft kann keine Bilder unterstützen, die größer als {0} Blöcke sind.",
  "MainMenu_Lang_Dutch": "Niederländisch"
}