{
  "AboutForm_Description": "Hi there!\r\n\r\nHope you are enjoying this program so far. I made this program as a proof of concept\r\n for creating high-quality pixel art. This system provides a few viewing options to help\r\nyou actually build the art in-game. You can also save to PNG or Schematic format.\r\nMost importantly. you can use the double-layer mode, which combines stained glass\r\npanels with newer Minecraft blocks to create an even larger color palette.\r\n\r\nBelow this are a few links you may find useful.  Check them out if you get a\r\nchance. \r\n\r\nTaylor Love\r\nAka Pangamma",
  "AboutForm_DonateText": "Buy me a beer!",
  "AboutForm_DownloadText": "Download Location",
  "AboutForm_FontMakerText": "Font Maker",
  "AboutForm_LinkedOInText": "My LinkedIn",
  "AboutForm_MyWebsiteText": "My website",
  "AboutForm_Title": "About Pangamma's PixelStacker",
  "AboutForm_WoolcityProjectText": "Visit the Wool City Project",
  "Action_Add_0": "Add '{0}'",
  "Action_DisableQuantizer": "Disable Quantizer",
  "Action_EnableQuantizer": "Enable Quantizer",
  "Action_Filter": "Filter",
  "Action_Open": "Open",
  "Action_Redo": "Redo",
  "Action_Remove_0": "Remove '{0}'",
  "Action_Save": "Save",
  "Action_Undo": "Undo",
  "Action_View": "View",
  "AreYouSure": "Are you sure?",
  "DDL_SelectProfile": "Select profile",
  "ErrorSender_ErrorOccurred": "An error has occurred.",
  "ErrorSender_Github": "Github issue.",
  "ErrorSender_IncludeImage": "Are you willing to upload your current image for analysis? (Optional)",
  "ErrorSender_No": "No, skip the report for now.",
  "ErrorSender_SavedOptions": "Upload current saved option settings. (Required)",
  "ErrorSender_SendMeSomeInfo": "Are you willing to send me some information to help me fix this error?\r\nIf yes, the following info will be zipped. Then you can send the info to \r\nme as a ",
  "ErrorSender_StackTrace": "Upload stacktrace + error messages. (Required)",
  "ErrorSender_Title": "Error Reporter",
  "ErrorSender_Version": "Current PixelStacker version (Required)",
  "ErrorSender_Yes": "Yes! Zip some info so the issue can be fixed.",
  "Error_CannotExceedWorldHeight_0": "Minecraft cannot support images larger than {0} blocks in height.",
  "Error_GlassRequiredForMultiLayer": "At least one glass material must be enabled when you choose to require multiple layers.",
  "Error_NeedMoreRam": "Not enough memory. Please try again or reduce image size if problem continues.",
  "Error_NonGlassRequired": "At least one non glass material must be selected.",
  "Error_OneMaterialRequired": "At least one material must be enabled at all times.",
  "Error_SomethingIsWrong": "Something is wrong here.",
  "MainForm_Open_Title": "Open File",
  "MainForm_SaveColorPalette_Title": "Save Color Palette",
  "MainForm_Save_Title": "Save",
  "MainForm_Title": "Pangamma's PixelStacker",
  "MainMenu_About": "About",
  "MainMenu_CP_AllColors_Compact": "All colors (compact)",
  "MainMenu_CP_AllColors_Detailed": "All colors (detailed)",
  "MainMenu_CP_Brick": "Brick",
  "MainMenu_CP_Graph": "Graph",
  "MainMenu_CP_Square": "Square",
  "MainMenu_DownOneLayer": "Down 1 Layer",
  "MainMenu_Edit": "Edit",
  "MainMenu_ExportSettings": "Export Settings ",
  "MainMenu_File": "File",
  "MainMenu_Help": "Help",
  "MainMenu_Language": "Language",
  "MainMenu_Lang_Chinese": "Chinese (Simplified)",
  "MainMenu_Lang_Danish": "Danish",
  "MainMenu_Lang_Dutch": "Dutch",
  "MainMenu_Lang_English": "English",
  "MainMenu_Lang_French": "French",
  "MainMenu_Lang_German": "German",
  "MainMenu_Lang_Japanese": "Japanese",
  "MainMenu_Lang_Korean": "Korean",
  "MainMenu_Lang_Spanish": "Spanish",
  "MainMenu_LayerFiltering": "Layer Filtering",
  "MainMenu_MaterialOptions": "Material Options",
  "MainMenu_OtherOptions": "Other Options",
  "MainMenu_PreRender": "Pre-Render",
  "MainMenu_QuantizerOptions": "Quantizer Options",
  "MainMenu_Render": "Render",
  "MainMenu_ReOpen": "Re-Open",
  "MainMenu_SaveColorPalette": "Save color palette",
  "MainMenu_SaveSettings": "Save Settings",
  "MainMenu_ToggleBorder": "Toggle Border",
  "MainMenu_ToggleGrid": "Toggle Grid",
  "MainMenu_ToggleHideTexture": "Toggle Hide Texture",
  "MainMenu_ToggleLayerFilter": "Toggle Layer Filter",
  "MainMenu_TogglePalette": "Toggle Palette",
  "MainMenu_ToggleProgress": "Toggle Progress",
  "MainMenu_Tools": "Tools",
  "MainMenu_UpOneLayer": "Up 1 Layer",
  "MaterialSelect_ColorProfile": "Color Profile",
  "MaterialSelect_IsMultiLayer": "Enable 2nd Layer",
  "MaterialSelect_IsMultiLayerRequired": "Require 2nd Layer",
  "MaterialSelect_IsSideView": "Side View",
  "MaterialSelect_Title": "Material Selection",
  "OtherOptions_btnFactoryReset": "Factory Reset",
  "OtherOptions_cbxIsFrugalWithMaterials": "Add extra depth shadows to renders",
  "OtherOptions_cbxIsSideView": "Side View? (Affects output orientation)",
  "OtherOptions_cbxSkipShadowRendering": "Skip shadow rendering",
  "OtherOptions_ConfirmFactoryReset": "Are you sure you want to reset all PixelStacker options back to default settings? Includes materials, sizes, view states, rendering options, etc.",
  "OtherOptions_GridColor": "Grid Color",
  "OtherOptions_GridSize": "Grid Size",
  "OtherOptions_MaxHeight": "Max Height",
  "OtherOptions_MaxWidth": "Max Width",
  "OtherOptions_Title": "Other Options",
  "PreRenderOptions_Algorithm": "Algorithm",
  "PreRenderOptions_Algorithm_Tooltip": "Different algorithms use different strategies for \r\ncombining colors together. Some use color buckets,\r\nothers use locational distance to nearby colors. Try\r\nthem all and decide which one is your favorite.",
  "PreRenderOptions_ColorCache": "Color Cache",
  "PreRenderOptions_ColorCacheSize": "Color Cache Size",
  "PreRenderOptions_ColorCacheSize_Tooltip": "Smaller values are faster but less accurate.\r\nHigher values are slower but more accurate.",
  "PreRenderOptions_ColorCount": "Color Count",
  "PreRenderOptions_ColorCount_Tooltip": "Max color count.",
  "PreRenderOptions_Dither": "Dither",
  "PreRenderOptions_Dither_Tooltip": "Some people like dithering.\r\nI don't. I never do. I hate \r\ndithering. But hey- you do you.",
  "PreRenderOptions_Parallel": "Parallel",
  "PreRenderOptions_Parallel_Tooltip": "Speed up the quantizing process by taking\r\nadvantage of a multicore CPU. \r\n\r\nLower values = more stable\r\nHigher values = faster\r\nSuper high values = possible glitches",
  "PreRenderOptions_QuantizerSettings": "QuantizerSettings",
  "Progress_CompilingColorMap": "Compiling color map.",
  "Progress_Finished": "Finished.",
  "Progress_PreparingCanvasForTextures": "Preparing canvas for painting.",
  "Progress_QuantizingImage": "Quantizing Image",
  "RenderedImagePanel_AddAll": "Add all",
  "RenderedImagePanel_AvgColorCode": "Average Color Code",
  "RenderedImagePanel_MaterialFilter": "Material Filter",
  "RenderedImagePanel_RemoveAll": "Remove all",
  "RenderedImagePanel_ReplaceColor": "Replace Color (Requires Re-Render)"
}