{
  "AboutForm_Description": "¡Hola!\r\n\r\nEspero que estés disfrutando de este programa hasta ahora. Hice este programa como prueba de concepto\r\n para crear pixelart de alta calidad. Este sistema proporciona algunas opciones de visualización para ayudar\r\nde hecho, construyes el arte en el juego. También puede guardar en formato PNG o esquemático.\r\nMás importante. puede utilizar el modo de doble capa que combina vidrieras\r\npaneles con bloques de Minecraft más nuevos para crear una paleta de colores aún más grande.\r\n\r\nDebajo de esto hay algunos enlaces que pueden resultarle útiles. Échales un vistazo si obtienes un\r\noportunidad.\r\n\r\nTaylor amor\r\nAka Pangamma",
  "AboutForm_DonateText": "¡Cómprame una cerveza!",
  "AboutForm_DownloadText": "Ubicación de descarga",
  "AboutForm_FontMakerText": "Creador de fuentes",
  "AboutForm_LinkedOInText": "Mi LinkedIn",
  "AboutForm_MyWebsiteText": "Mi sitio web",
  "AboutForm_Title": "Acerca de PixelStacker de Pangamma",
  "AboutForm_WoolcityProjectText": "Visita el proyecto Wool City",
  "Action_Add_0": "Agregar '{0}'",
  "Action_DisableQuantizer": "Deshabilitar cuantificador",
  "Action_EnableQuantizer": "Habilitar cuantificador",
  "Action_Filter": "Filtrar",
  "Action_Open": "Abierto",
  "Action_Redo": "Listo",
  "Action_Remove_0": "Quitar \"{0}\"",
  "Action_Save": "Salvar",
  "Action_Undo": "Deshacer",
  "Action_View": "Vista",
  "AreYouSure": "¿Está seguro?",
  "DDL_SelectProfile": "Seleccionar un perfil",
  "ErrorSender_ErrorOccurred": "Se ha producido un error.",
  "ErrorSender_Github": "Problema de Github.",
  "ErrorSender_IncludeImage": "¿Está dispuesto a cargar su imagen actual para analizarla? (Opcional)",
  "ErrorSender_No": "No, omita el informe por ahora.",
  "ErrorSender_SavedOptions": "Cargar la configuración actual de las opciones guardadas. (Requerido)",
  "ErrorSender_SendMeSomeInfo": "¿Está dispuesto a enviarme información para ayudarme a corregir este error?\r\nEn caso afirmativo, se comprimirá la siguiente información. Entonces puedes enviar la información a\r\nyo como un",
  "ErrorSender_StackTrace": "Cargue los mensajes de error de stacktrace +. (Requerido)",
  "ErrorSender_Title": "Reportero de errores",
  "ErrorSender_Version": "Versión actual de PixelStacker (obligatorio)",
  "ErrorSender_Yes": "¡Sí! Comprime algunos datos para que se pueda solucionar el problema.",
  "Error_GlassRequiredForMultiLayer": "Debe habilitarse al menos un material de vidrio cuando elija requerir varias capas.",
  "Error_NeedMoreRam": "No hay memoria suficiente. Vuelva a intentarlo o reduzca el tamaño de la imagen si el problema persiste.",
  "Error_NonGlassRequired": "Debe seleccionarse al menos un material que no sea de vidrio.",
  "Error_OneMaterialRequired": "Al menos un material debe estar habilitado en todo momento.",
  "Error_SomethingIsWrong": "Algo está mal aquí.",
  "MainForm_Open_Title": "Abrir documento",
  "MainForm_SaveColorPalette_Title": "Guardar paleta de colores",
  "MainForm_Save_Title": "Salvar",
  "MainForm_Title": "PixelStacker de Pangamma",
  "MainMenu_About": "Sobre",
  "MainMenu_CP_AllColors_Compact": "Todos los colores (compacto)",
  "MainMenu_CP_AllColors_Detailed": "Todos los colores (detallados)",
  "MainMenu_CP_Brick": "Ladrillo",
  "MainMenu_CP_Graph": "Grafico",
  "MainMenu_CP_Square": "Cuadrado",
  "MainMenu_DownOneLayer": "Abajo 1 capa",
  "MainMenu_Edit": "Editar",
  "MainMenu_ExportSettings": "Exportar configuración",
  "MainMenu_File": "Archivo",
  "MainMenu_Help": "Ayuda",
  "MainMenu_Language": "Idioma",
  "MainMenu_Lang_Chinese": "Chino simplificado)",
  "MainMenu_Lang_Danish": "danés",
  "MainMenu_Lang_English": "inglés",
  "MainMenu_Lang_French": "francés",
  "MainMenu_Lang_German": "alemán",
  "MainMenu_Lang_Japanese": "japonés",
  "MainMenu_Lang_Korean": "coreano",
  "MainMenu_Lang_Spanish": "Español",
  "MainMenu_LayerFiltering": "Filtrado de capas",
  "MainMenu_MaterialOptions": "Opciones de material",
  "MainMenu_OtherOptions": "Otras opciones",
  "MainMenu_PreRender": "Renderizado previo",
  "MainMenu_QuantizerOptions": "Opciones de cuantificador",
  "MainMenu_Render": "Hacer",
  "MainMenu_ReOpen": "Reabrir",
  "MainMenu_SaveColorPalette": "Guardar paleta de colores",
  "MainMenu_SaveSettings": "Guardar ajustes",
  "MainMenu_ToggleBorder": "Alternar borde",
  "MainMenu_ToggleGrid": "Alternar cuadrícula",
  "MainMenu_ToggleHideTexture": "Alternar Ocultar textura",
  "MainMenu_ToggleLayerFilter": "Alternar filtro de capa",
  "MainMenu_TogglePalette": "Alternar paleta",
  "MainMenu_ToggleProgress": "Alternar progreso",
  "MainMenu_Tools": "Instrumentos",
  "MainMenu_UpOneLayer": "Hasta 1 capa",
  "MaterialSelect_ColorProfile": "Perfil de color",
  "MaterialSelect_IsMultiLayer": "Habilitar la segunda capa",
  "MaterialSelect_IsMultiLayerRequired": "Requiere segunda capa",
  "MaterialSelect_IsSideView": "Vista lateral",
  "MaterialSelect_Title": "Selección de material",
  "OtherOptions_btnFactoryReset": "Restablecimiento de fábrica",
  "OtherOptions_cbxIsFrugalWithMaterials": "Agregue sombras de profundidad extra a los renders",
  "OtherOptions_cbxIsSideView": "¿Vista lateral? (Afecta la orientación de la salida)",
  "OtherOptions_cbxSkipShadowRendering": "Omitir renderizado de sombras",
  "OtherOptions_ConfirmFactoryReset": "¿Está seguro de que desea restablecer todas las opciones de PixelStacker a la configuración predeterminada? Incluye materiales, tamaños, estados de vista, opciones de renderizado, etc.",
  "OtherOptions_GridColor": "Color de cuadrícula",
  "OtherOptions_GridSize": "Tamaño de la cuadrícula",
  "OtherOptions_MaxHeight": "Altura máxima",
  "OtherOptions_MaxWidth": "Anchura máxima",
  "OtherOptions_Title": "Otras opciones",
  "PreRenderOptions_Algorithm": "Algoritmo",
  "PreRenderOptions_Algorithm_Tooltip": "Diferentes algoritmos utilizan diferentes estrategias para\r\ncombinando colores juntos. Algunos usan cubos de colores,\r\notros usan la distancia de ubicación a colores cercanos. Tratar\r\ntodos y decide cuál es tu favorito.",
  "PreRenderOptions_ColorCache": "Caché de color",
  "PreRenderOptions_ColorCacheSize": "Tamaño de caché de color",
  "PreRenderOptions_ColorCacheSize_Tooltip": "Los valores más pequeños son más rápidos pero menos precisos.\r\nLos valores más altos son más lentos pero más precisos.",
  "PreRenderOptions_ColorCount": "Recuento de colores",
  "PreRenderOptions_ColorCount_Tooltip": "Recuento máximo de colores.",
  "PreRenderOptions_Dither": "Vacilar",
  "PreRenderOptions_Dither_Tooltip": "A algunas personas les gusta vacilar.\r\nYo no. Yo nunca. odio\r\ntitubeando. Pero bueno, lo haces tú.",
  "PreRenderOptions_Parallel": "Paralela",
  "PreRenderOptions_Parallel_Tooltip": "Acelere el proceso de cuantificación tomando\r\nventaja de una CPU multinúcleo.\r\n\r\nValores más bajos = más estable\r\nValores más altos = más rápido\r\nValores súper altos = posibles fallas",
  "PreRenderOptions_QuantizerSettings": "QuantizerSettings",
  "Progress_CompilingColorMap": "Compilación de mapa de colores.",
  "Progress_Finished": "Finalizado.",
  "Progress_PreparingCanvasForTextures": "Preparando lienzo para pintar.",
  "Progress_QuantizingImage": "Cuantizar imagen",
  "RenderedImagePanel_AddAll": "Añadir todo",
  "RenderedImagePanel_AvgColorCode": "Código de color promedio",
  "RenderedImagePanel_MaterialFilter": "Filtro de material",
  "RenderedImagePanel_RemoveAll": "Eliminar todo",
  "RenderedImagePanel_ReplaceColor": "Reemplazar color (requiere volver a renderizar)",
  "Error_CannotExceedWorldHeight_0": "Minecraft no puede admitir imágenes de más de {0} bloques de altura.",
  "MainMenu_Lang_Dutch": "holandés"
}