{
  "AboutForm_Description": "Salut!\r\n\r\nJ'espère que vous appréciez ce programme jusqu'à présent. J'ai fait ce programme comme preuve de concept\r\n pour créer un pixelart de haute qualité. Ce système fournit quelques options d'affichage pour vous aider\r\nvous construisez réellement l'art dans le jeu. Vous pouvez également enregistrer au format PNG ou schématique.\r\nLe plus important. vous pouvez utiliser le mode double couche qui combine le vitrail\r\npanneaux avec des blocs Minecraft plus récents pour créer une palette de couleurs encore plus grande.\r\n\r\nVous trouverez ci-dessous quelques liens qui pourraient vous être utiles. Vérifiez-les si vous obtenez un\r\nchance.\r\n\r\nTaylor Love\r\nAka Pangamma",
  "AboutForm_DonateText": "Achetez-moi une bière!",
  "AboutForm_DownloadText": "Télécharger l'emplacement",
  "AboutForm_FontMakerText": "Créateur de polices",
  "AboutForm_LinkedOInText": "Mon LinkedIn",
  "AboutForm_MyWebsiteText": "Mon site internet",
  "AboutForm_Title": "À propos du PixelStacker de Pangamma",
  "AboutForm_WoolcityProjectText": "Visitez le projet Wool City",
  "Action_Add_0": "Ajouter \"{0}\"",
  "Action_DisableQuantizer": "Désactiver le quantificateur",
  "Action_EnableQuantizer": "Activer le quantificateur",
  "Action_Filter": "Filtre",
  "Action_Open": "Ouvert",
  "Action_Redo": "Prêt",
  "Action_Remove_0": "Supprimer \"{0}\"",
  "Action_Save": "Sauvegarder",
  "Action_Undo": "annuler",
  "Action_View": "Vue",
  "AreYouSure": "Êtes-vous sûr?",
  "DDL_SelectProfile": "Choisissez un profil",
  "ErrorSender_ErrorOccurred": "Une erreur est survenue.",
  "ErrorSender_Github": "Problème Github.",
  "ErrorSender_IncludeImage": "Êtes-vous prêt à télécharger votre image actuelle pour analyse? (Optionnel)",
  "ErrorSender_No": "Non, ignorez le rapport pour le moment.",
  "ErrorSender_SavedOptions": "Téléchargez les paramètres d'options enregistrés actuels. (Obligatoire)",
  "ErrorSender_SendMeSomeInfo": "Êtes-vous prêt à m'envoyer des informations pour m'aider à corriger cette erreur?\r\nSi oui, les informations suivantes seront compressées. Ensuite, vous pouvez envoyer les informations à\r\nmoi en tant que",
  "ErrorSender_StackTrace": "Téléchargez les messages d'erreur stacktrace +. (Obligatoire)",
  "ErrorSender_Title": "Reporter d'erreur",
  "ErrorSender_Version": "Version actuelle de PixelStacker (obligatoire)",
  "ErrorSender_Yes": "Oui! Compressez quelques informations pour résoudre le problème.",
  "Error_GlassRequiredForMultiLayer": "Au moins un matériau en verre doit être activé lorsque vous choisissez d'exiger plusieurs couches.",
  "Error_NeedMoreRam": "Pas assez de mémoire. Veuillez réessayer ou réduire la taille de l'image si le problème persiste.",
  "Error_NonGlassRequired": "Au moins un matériau sans verre doit être sélectionné.",
  "Error_OneMaterialRequired": "Au moins un matériau doit être activé à tout moment.",
  "Error_SomethingIsWrong": "Quelque chose cloche ici.",
  "MainForm_Open_Title": "Fichier ouvert",
  "MainForm_SaveColorPalette_Title": "Enregistrer la palette de couleurs",
  "MainForm_Save_Title": "Sauvegarder",
  "MainForm_Title": "PixelStacker de Pangamma",
  "MainMenu_About": "À propos de",
  "MainMenu_CP_AllColors_Compact": "Toutes les couleurs (compact)",
  "MainMenu_CP_AllColors_Detailed": "Toutes les couleurs (détaillées)",
  "MainMenu_CP_Brick": "Brique",
  "MainMenu_CP_Graph": "Graphique",
  "MainMenu_CP_Square": "Carré",
  "MainMenu_DownOneLayer": "Vers le bas 1 couche",
  "MainMenu_Edit": "Éditer",
  "MainMenu_ExportSettings": "Exporter les paramètres",
  "MainMenu_File": "Déposer",
  "MainMenu_Help": "Aider",
  "MainMenu_Language": "Langue",
  "MainMenu_Lang_Chinese": "Chinois simplifié)",
  "MainMenu_Lang_Danish": "danois",
  "MainMenu_Lang_English": "Anglais",
  "MainMenu_Lang_French": "français",
  "MainMenu_Lang_German": "Allemand",
  "MainMenu_Lang_Japanese": "Japonais",
  "MainMenu_Lang_Korean": "coréen",
  "MainMenu_Lang_Spanish": "Espagnol",
  "MainMenu_LayerFiltering": "Filtrage des couches",
  "MainMenu_MaterialOptions": "Options de matériaux",
  "MainMenu_OtherOptions": "Autres options",
  "MainMenu_PreRender": "Pré-rendu",
  "MainMenu_QuantizerOptions": "Options de quantificateur",
  "MainMenu_Render": "Rendre",
  "MainMenu_ReOpen": "Rouvrir",
  "MainMenu_SaveColorPalette": "Enregistrer la palette de couleurs",
  "MainMenu_SaveSettings": "Enregistrer les paramètres",
  "MainMenu_ToggleBorder": "Basculer la bordure",
  "MainMenu_ToggleGrid": "Basculer la grille",
  "MainMenu_ToggleHideTexture": "Toggle Masquage de la texture",
  "MainMenu_ToggleLayerFilter": "Basculer le filtre de calque",
  "MainMenu_TogglePalette": "Basculer la palette",
  "MainMenu_ToggleProgress": "Basculer la progression",
  "MainMenu_Tools": "Outils",
  "MainMenu_UpOneLayer": "Jusqu'à 1 couche",
  "MaterialSelect_ColorProfile": "Profil de couleur",
  "MaterialSelect_IsMultiLayer": "Activer la deuxième couche",
  "MaterialSelect_IsMultiLayerRequired": "Nécessite une deuxième couche",
  "MaterialSelect_IsSideView": "Vue de côté",
  "MaterialSelect_Title": "Sélection des matériaux",
  "OtherOptions_btnFactoryReset": "Retour aux paramètres d'usine",
  "OtherOptions_cbxIsFrugalWithMaterials": "Ajouter des ombres de profondeur supplémentaires aux rendus",
  "OtherOptions_cbxIsSideView": "Vue de côté? (Affecte l'orientation de la sortie)",
  "OtherOptions_cbxSkipShadowRendering": "Ignorer le rendu des ombres",
  "OtherOptions_ConfirmFactoryReset": "Voulez-vous vraiment réinitialiser toutes les options du PixelStacker aux paramètres par défaut? Inclut les matériaux, les tailles, les états d'affichage, les options de rendu, etc.",
  "OtherOptions_GridColor": "Couleur de la grille",
  "OtherOptions_GridSize": "Taille de la grille",
  "OtherOptions_MaxHeight": "Hauteur maximum",
  "OtherOptions_MaxWidth": "Largeur maximale",
  "OtherOptions_Title": "Autres options",
  "PreRenderOptions_Algorithm": "Algorithme",
  "PreRenderOptions_Algorithm_Tooltip": "Différents algorithmes utilisent différentes stratégies pour\r\ncombiner les couleurs ensemble. Certains utilisent des seaux de couleur,\r\nd'autres utilisent la distance de localisation par rapport aux couleurs voisines. Essayer\r\ntous et décidez lequel est votre préféré.",
  "PreRenderOptions_ColorCache": "Cache de couleurs",
  "PreRenderOptions_ColorCacheSize": "Taille du cache de couleurs",
  "PreRenderOptions_ColorCacheSize_Tooltip": "Des valeurs plus petites sont plus rapides mais moins précises.\r\nLes valeurs plus élevées sont plus lentes mais plus précises.",
  "PreRenderOptions_ColorCount": "Nombre de couleurs",
  "PreRenderOptions_ColorCount_Tooltip": "Nombre maximum de couleurs.",
  "PreRenderOptions_Dither": "Tremblement",
  "PreRenderOptions_Dither_Tooltip": "Certaines personnes aiment tergiverser.\r\nJe ne. Je ne fais jamais. je déteste\r\nhésitation. Mais bon, tu le fais.",
  "PreRenderOptions_Parallel": "Parallèle",
  "PreRenderOptions_Parallel_Tooltip": "Accélérez le processus de quantification en prenant\r\navantage d'un processeur multicœur.\r\n\r\nDes valeurs plus basses = plus stable\r\nDes valeurs plus élevées = plus rapide\r\nValeurs super élevées = problèmes possibles",
  "PreRenderOptions_QuantizerSettings": "Paramètres du quantificateur",
  "Progress_CompilingColorMap": "Compilation de la carte des couleurs.",
  "Progress_Finished": "Fini.",
  "Progress_PreparingCanvasForTextures": "Préparation de la toile pour la peinture.",
  "Progress_QuantizingImage": "Quantification de l'image",
  "RenderedImagePanel_AddAll": "Tout ajouter",
  "RenderedImagePanel_AvgColorCode": "Code couleur moyen",
  "RenderedImagePanel_MaterialFilter": "Filtre matériel",
  "RenderedImagePanel_RemoveAll": "Enlever tout",
  "RenderedImagePanel_ReplaceColor": "Remplacer la couleur (nécessite un nouveau rendu)",
  "Error_CannotExceedWorldHeight_0": "Minecraft ne peut pas prendre en charge les images de plus de {0} blocs de hauteur.",
  "MainMenu_Lang_Dutch": "néerlandais"
}