{
  "AboutForm_Description": "こんにちは！\r\n\r\nこれまでこのプログラムを楽しんでいただければ幸いです。このプログラムは概念実証として作成しました\r\n 高品質のピクセルアートを作成するため。このシステムは、役立ついくつかの表示オプションを提供します\r\n実際にゲーム内でアートを作成します。 PNGまたは回路図形式で保存することもできます。\r\n最も重要なこと。ステンドグラスを組み合わせた2層モードが使えます\r\nさらに大きなカラーパレットを作成するための新しいMinecraftブロックを備えたパネル。\r\n\r\nこの下には、役立つと思われるリンクがいくつかあります。あなたが得たらそれらをチェックしてください\r\n機会。\r\n\r\nテイラーラブ\r\n別名パンガンマ",
  "AboutForm_DonateText": "ビールを買って！",
  "AboutForm_DownloadText": "ダウンロード場所",
  "AboutForm_FontMakerText": "フォントメーカー",
  "AboutForm_LinkedOInText": "私のLinkedIn",
  "AboutForm_MyWebsiteText": "私のウェブサイト",
  "AboutForm_Title": "PangammaのPixelStackerについて",
  "AboutForm_WoolcityProjectText": "ウールシティプロジェクトにアクセス",
  "Action_Add_0": "'{0}'を追加します",
  "Action_DisableQuantizer": "Quantizerを無効にする",
  "Action_EnableQuantizer": "Quantizerを有効にする",
  "Action_Filter": "フィルタ",
  "Action_Open": "開いた",
  "Action_Redo": "準備ができました",
  "Action_Remove_0": "'{0}'を削除します",
  "Action_Save": "セーブ",
  "Action_Undo": "元に戻す",
  "Action_View": "見る",
  "AreYouSure": "本気ですか？",
  "DDL_SelectProfile": "プロファイルを選択",
  "ErrorSender_ErrorOccurred": "エラーが発生しました。",
  "ErrorSender_Github": "Githubの問題。",
  "ErrorSender_IncludeImage": "分析のために現在の画像をアップロードしてもよろしいですか？ （オプション）",
  "ErrorSender_No": "いいえ、今のところレポートをスキップしてください。",
  "ErrorSender_SavedOptions": "現在保存されているオプション設定をアップロードします。 （必須）",
  "ErrorSender_SendMeSomeInfo": "このエラーを修正するのに役立つ情報を送っていただけませんか。\r\nはいの場合、次の情報が圧縮されます。次に、情報をに送信できます\r\n私として",
  "ErrorSender_StackTrace": "スタックトレース+エラーメッセージをアップロードします。 （必須）",
  "ErrorSender_Title": "エラーレポーター",
  "ErrorSender_Version": "現在のPixelStackerバージョン（必須）",
  "ErrorSender_Yes": "はい！問題を修正できるように、いくつかの情報を圧縮します。",
  "Error_GlassRequiredForMultiLayer": "複数の層を必要とする場合は、少なくとも1つのガラス材料を有効にする必要があります。",
  "Error_NeedMoreRam": "メモリーが充分ではありません。問題が解決しない場合は、再試行するか、画像サイズを小さくしてください。",
  "Error_NonGlassRequired": "ガラス以外の材料を少なくとも1つ選択する必要があります。",
  "Error_OneMaterialRequired": "少なくとも1つのマテリアルを常に有効にする必要があります。",
  "Error_SomethingIsWrong": "ここは何かがおかしい。",
  "MainForm_Open_Title": "ファイルを開く",
  "MainForm_SaveColorPalette_Title": "カラーパレットを保存",
  "MainForm_Save_Title": "セーブ",
  "MainForm_Title": "パンガンマのPixelStacker",
  "MainMenu_About": "約",
  "MainMenu_CP_AllColors_Compact": "全色（コンパクト）",
  "MainMenu_CP_AllColors_Detailed": "全色（詳細）",
  "MainMenu_CP_Brick": "レンガ",
  "MainMenu_CP_Graph": "グラフ",
  "MainMenu_CP_Square": "平方",
  "MainMenu_DownOneLayer": "ダウン1レイヤー",
  "MainMenu_Edit": "編集",
  "MainMenu_ExportSettings": "エクスポート設定",
  "MainMenu_File": "ファイル",
  "MainMenu_Help": "助けて",
  "MainMenu_Language": "言語",
  "MainMenu_Lang_Chinese": "中国語（簡体字）",
  "MainMenu_Lang_Danish": "デンマーク語",
  "MainMenu_Lang_English": "英語",
  "MainMenu_Lang_French": "フランス語",
  "MainMenu_Lang_German": "ドイツ人",
  "MainMenu_Lang_Japanese": "日本語",
  "MainMenu_Lang_Korean": "韓国語",
  "MainMenu_Lang_Spanish": "スペイン語",
  "MainMenu_LayerFiltering": "レイヤーフィルタリング",
  "MainMenu_MaterialOptions": "材料オプション",
  "MainMenu_OtherOptions": "その他のオプション",
  "MainMenu_PreRender": "プレレンダリング",
  "MainMenu_QuantizerOptions": "量子化オプション",
  "MainMenu_Render": "レンダリング",
  "MainMenu_ReOpen": "再オープン",
  "MainMenu_SaveColorPalette": "カラーパレットを保存する",
  "MainMenu_SaveSettings": "設定を保存する",
  "MainMenu_ToggleBorder": "トグルボーダー",
  "MainMenu_ToggleGrid": "トグルグリッド",
  "MainMenu_ToggleHideTexture": "テクスチャの非表示を切り替えます",
  "MainMenu_ToggleLayerFilter": "トグルレイヤーフィルター",
  "MainMenu_TogglePalette": "トグルパレット",
  "MainMenu_ToggleProgress": "トグルプログレス",
  "MainMenu_Tools": "ツール",
  "MainMenu_UpOneLayer": "1層上",
  "MaterialSelect_ColorProfile": "カラープロファイル",
  "MaterialSelect_IsMultiLayer": "2番目のレイヤーを有効にする",
  "MaterialSelect_IsMultiLayerRequired": "2番目のレイヤーが必要",
  "MaterialSelect_IsSideView": "側面図",
  "MaterialSelect_Title": "材料の選択",
  "OtherOptions_btnFactoryReset": "工場出荷時設定へのリセット",
  "OtherOptions_cbxIsFrugalWithMaterials": "レンダリングに深さの影を追加します",
  "OtherOptions_cbxIsSideView": "側面図？ （出力方向に影響します）",
  "OtherOptions_cbxSkipShadowRendering": "シャドウレンダリングをスキップする",
  "OtherOptions_ConfirmFactoryReset": "すべてのPixelStackerオプションをデフォルト設定にリセットしてもよろしいですか？マテリアル、サイズ、ビューステート、レンダリングオプションなどが含まれます。",
  "OtherOptions_GridColor": "グリッドカラー",
  "OtherOptions_GridSize": "グリッドサイズ",
  "OtherOptions_MaxHeight": "最大高さ",
  "OtherOptions_MaxWidth": "最大幅",
  "OtherOptions_Title": "その他のオプション",
  "PreRenderOptions_Algorithm": "アルゴリズム",
  "PreRenderOptions_Algorithm_Tooltip": "異なるアルゴリズムは、異なる戦略を使用します\r\n色を組み合わせる。カラーバケットを使用するものもありますが、\r\n他の人は近くの色までの位置距離を使用します。試してみてください\r\nそれらすべてとどれがあなたのお気に入りであるかを決定します。",
  "PreRenderOptions_ColorCache": "カラーキャッシュ",
  "PreRenderOptions_ColorCacheSize": "カラーキャッシュサイズ",
  "PreRenderOptions_ColorCacheSize_Tooltip": "値が小さいほど高速ですが、精度は低くなります。\r\n値が大きいほど遅くなりますが、より正確になります。",
  "PreRenderOptions_ColorCount": "カラーカウント",
  "PreRenderOptions_ColorCount_Tooltip": "最大色数。",
  "PreRenderOptions_Dither": "ディザ",
  "PreRenderOptions_Dither_Tooltip": "ディザリングが好きな人もいます。\r\n私はしません。私は決してしません。嫌い\r\nディザリング。しかしねえ-あなたはあなたをします。",
  "PreRenderOptions_Parallel": "平行",
  "PreRenderOptions_Parallel_Tooltip": "を取ることによって量子化プロセスをスピードアップします\r\nマルチコアCPUの利点。\r\n\r\n低い値=より安定\r\n高い値=速い\r\n超高い値=グリッチの可能性",
  "PreRenderOptions_QuantizerSettings": "QuantizerSettings",
  "Progress_CompilingColorMap": "カラーマップの編集。",
  "Progress_Finished": "終了しました。",
  "Progress_PreparingCanvasForTextures": "ペイント用のキャンバスの準備。",
  "Progress_QuantizingImage": "画像の量子化",
  "RenderedImagePanel_AddAll": "全て追加する",
  "RenderedImagePanel_AvgColorCode": "平均カラーコード",
  "RenderedImagePanel_MaterialFilter": "マテリアルフィルター",
  "RenderedImagePanel_RemoveAll": "すべて削除する",
  "RenderedImagePanel_ReplaceColor": "色を置き換える（再レンダリングが必要）",
  "Error_CannotExceedWorldHeight_0": "Minecraftは、高さが{0}ブロックを超える画像をサポートできません。",
  "MainMenu_Lang_Dutch": "オランダの"
}