{
  "AboutForm_Description": "안녕!\r\n\r\n지금까지이 프로그램을 즐기시기 바랍니다. 이 프로그램을 개념 증명으로 만들었습니다.\r\n 고품질 픽셀 아트를 만들기 위해. 이 시스템은 몇 가지보기 옵션을 제공하여\r\n실제로 게임 내에서 예술을 구축합니다. PNG 또는 Schematic 형식으로 저장할 수도 있습니다.\r\n가장 중요한 것은. 스테인드 글라스를 결합한 더블 레이어 모드를 사용할 수 있습니다.\r\n더 큰 색상 팔레트를 만들기 위해 새로운 Minecraft 블록이있는 패널.\r\n\r\n다음은 유용하다고 생각되는 몇 가지 링크입니다. 당신이 얻을 경우 그들을 확인하십시오\r\n기회.\r\n\r\nTaylor 사랑\r\n일명 Pangamma",
  "AboutForm_DonateText": "맥주 사줘!",
  "AboutForm_DownloadText": "다운로드 위치",
  "AboutForm_FontMakerText": "폰트 메이커",
  "AboutForm_LinkedOInText": "내 LinkedIn",
  "AboutForm_MyWebsiteText": "나의 웹 사이트",
  "AboutForm_Title": "Pangamma의 PixelStacker 정보",
  "AboutForm_WoolcityProjectText": "Wool City Project 방문",
  "Action_Add_0": "'{0}'추가",
  "Action_DisableQuantizer": "Quantizer 비활성화",
  "Action_EnableQuantizer": "Quantizer 활성화",
  "Action_Filter": "필터",
  "Action_Open": "열다",
  "Action_Redo": "준비된",
  "Action_Remove_0": "'{0}'제거",
  "Action_Save": "저장",
  "Action_Undo": "실행 취소",
  "Action_View": "전망",
  "AreYouSure": "확실합니까?",
  "DDL_SelectProfile": "프로필 선택",
  "ErrorSender_ErrorOccurred": "오류가 발생했습니다.",
  "ErrorSender_Github": "Github 문제.",
  "ErrorSender_IncludeImage": "분석을 위해 현재 이미지를 업로드 하시겠습니까? (선택 과목)",
  "ErrorSender_No": "아니요, 지금은 보고서를 건너 뜁니다.",
  "ErrorSender_SavedOptions": "현재 저장된 옵션 설정을 업로드합니다. (필수)",
  "ErrorSender_SendMeSomeInfo": "이 오류를 해결하는 데 도움이되는 정보를 보내 주시겠습니까?\r\n그렇다면 다음 정보가 압축됩니다. 그런 다음 정보를\r\n나로서",
  "ErrorSender_StackTrace": "Stacktrace + 오류 메시지를 업로드합니다. (필수)",
  "ErrorSender_Title": "오류보고자",
  "ErrorSender_Version": "현재 PixelStacker 버전 (필수)",
  "ErrorSender_Yes": "예! 문제를 해결할 수 있도록 일부 정보를 압축하십시오.",
  "Error_GlassRequiredForMultiLayer": "다중 레이어를 요구하도록 선택하는 경우 하나 이상의 유리 재질을 활성화해야합니다.",
  "Error_NeedMoreRam": "메모리가 부족합니다. 다시 시도하거나 문제가 계속되면 이미지 크기를 줄이십시오.",
  "Error_NonGlassRequired": "유리가 아닌 재료를 하나 이상 선택해야합니다.",
  "Error_OneMaterialRequired": "항상 하나 이상의 재료를 활성화해야합니다.",
  "Error_SomethingIsWrong": "여기에 뭔가 잘못되었습니다.",
  "MainForm_Open_Title": "파일 열기",
  "MainForm_SaveColorPalette_Title": "색상 팔레트 저장",
  "MainForm_Save_Title": "저장",
  "MainForm_Title": "Pangamma의 PixelStacker",
  "MainMenu_About": "약",
  "MainMenu_CP_AllColors_Compact": "모든 색상 (컴팩트)",
  "MainMenu_CP_AllColors_Detailed": "모든 색상 (상세)",
  "MainMenu_CP_Brick": "벽돌",
  "MainMenu_CP_Graph": "그래프",
  "MainMenu_CP_Square": "광장",
  "MainMenu_DownOneLayer": "1 개의 층 아래",
  "MainMenu_Edit": "편집하다",
  "MainMenu_ExportSettings": "내보내기 설정",
  "MainMenu_File": "파일",
  "MainMenu_Help": "도움",
  "MainMenu_Language": "언어",
  "MainMenu_Lang_Chinese": "중국어 (간체)",
  "MainMenu_Lang_Danish": "덴마크 말",
  "MainMenu_Lang_English": "영어",
  "MainMenu_Lang_French": "프랑스 국민",
  "MainMenu_Lang_German": "독일 사람",
  "MainMenu_Lang_Japanese": "일본어",
  "MainMenu_Lang_Korean": "한국어",
  "MainMenu_Lang_Spanish": "스페인의",
  "MainMenu_LayerFiltering": "레이어 필터링",
  "MainMenu_MaterialOptions": "재료 옵션",
  "MainMenu_OtherOptions": "다른 옵션",
  "MainMenu_PreRender": "사전 렌더링",
  "MainMenu_QuantizerOptions": "양자화 옵션",
  "MainMenu_Render": "세우다",
  "MainMenu_ReOpen": "다시 열다",
  "MainMenu_SaveColorPalette": "색상 팔레트 저장",
  "MainMenu_SaveSettings": "설정 저장",
  "MainMenu_ToggleBorder": "테두리 전환",
  "MainMenu_ToggleGrid": "그리드 전환",
  "MainMenu_ToggleHideTexture": "텍스처 숨기기 전환",
  "MainMenu_ToggleLayerFilter": "레이어 필터 전환",
  "MainMenu_TogglePalette": "팔레트 전환",
  "MainMenu_ToggleProgress": "진행률 전환",
  "MainMenu_Tools": "도구",
  "MainMenu_UpOneLayer": "1 개의 층 위로",
  "MaterialSelect_ColorProfile": "색상 프로필",
  "MaterialSelect_IsMultiLayer": "두 번째 레이어 활성화",
  "MaterialSelect_IsMultiLayerRequired": "두 번째 레이어 필요",
  "MaterialSelect_IsSideView": "측면보기",
  "MaterialSelect_Title": "재료 선택",
  "OtherOptions_btnFactoryReset": "공장 초기화",
  "OtherOptions_cbxIsFrugalWithMaterials": "렌더링에 추가 깊이 그림자 추가",
  "OtherOptions_cbxIsSideView": "측면보기? (출력 방향에 영향)",
  "OtherOptions_cbxSkipShadowRendering": "그림자 렌더링 건너 뛰기",
  "OtherOptions_ConfirmFactoryReset": "모든 PixelStacker 옵션을 다시 기본 설정으로 재설정 하시겠습니까? 재료, 크기,보기 상태, 렌더링 옵션 등이 포함됩니다.",
  "OtherOptions_GridColor": "그리드 색상",
  "OtherOptions_GridSize": "그리드 크기",
  "OtherOptions_MaxHeight": "최대 높이",
  "OtherOptions_MaxWidth": "최대 너비",
  "OtherOptions_Title": "다른 옵션",
  "PreRenderOptions_Algorithm": "연산",
  "PreRenderOptions_Algorithm_Tooltip": "알고리즘마다 다른 전략을 사용하여\r\n색상을 함께 결합합니다. 일부는 컬러 버킷을 사용하지만\r\n다른 사람들은 주변 색상에 대한 위치 거리를 사용합니다. 시험\r\n그들 모두를 선택하고 당신이 가장 좋아하는 것을 결정하십시오.",
  "PreRenderOptions_ColorCache": "색상 캐시",
  "PreRenderOptions_ColorCacheSize": "색상 캐시 크기",
  "PreRenderOptions_ColorCacheSize_Tooltip": "값이 작을수록 빠르지 만 정확도는 떨어집니다.\r\n값이 높을수록 느리지 만 더 정확합니다.",
  "PreRenderOptions_ColorCount": "색상 수",
  "PreRenderOptions_ColorCount_Tooltip": "최대 색상 수.",
  "PreRenderOptions_Dither": "떨림",
  "PreRenderOptions_Dither_Tooltip": "어떤 사람들은 디더링을 좋아합니다.\r\n난 안해. 나는 결코하지 않는다. 나는 싫어\r\n디더링. 하지만 헤이-당신은 당신을합니다.",
  "PreRenderOptions_Parallel": "평행",
  "PreRenderOptions_Parallel_Tooltip": "다음을 수행하여 양자화 프로세스 속도를 높입니다.\r\n멀티 코어 CPU의 장점.\r\n\r\n낮은 값 = 더 안정적\r\n높은 값 = 더 빠름\r\n매우 높은 값 = 가능한 글리치",
  "PreRenderOptions_QuantizerSettings": "QuantizerSettings",
  "Progress_CompilingColorMap": "컬러 맵 컴파일.",
  "Progress_Finished": "끝마친.",
  "Progress_PreparingCanvasForTextures": "페인팅을위한 캔버스 준비.",
  "Progress_QuantizingImage": "이미지 양자화",
  "RenderedImagePanel_AddAll": "모두 추가",
  "RenderedImagePanel_AvgColorCode": "평균 색상 코드",
  "RenderedImagePanel_MaterialFilter": "재료 필터",
  "RenderedImagePanel_RemoveAll": "모두 제거",
  "RenderedImagePanel_ReplaceColor": "색상 바꾸기 (다시 렌더링 필요)",
  "Error_CannotExceedWorldHeight_0": "Minecraft는 높이가 {0} 블록보다 큰 이미지를 지원할 수 없습니다.",
  "MainMenu_Lang_Dutch": "네덜란드 사람"
}