{
  "AboutForm_Description": "Hallo daar!\r\n\r\nIk hoop dat je tot nu toe van dit programma geniet. Ik heb dit programma gemaakt als een bewijs dat het mogelijk is\r\n pixelart van hoge kwaliteit te kunnen maken. Dit systeem biedt een aantal weergave-opties om te helpen\r\nje bouwt eigenlijk kunst in de game. Je kunt je werk ook opslaan in PNG- of schematische indeling.\r\nMaar het allerbelangrijkste! U kunt gebruik maken van de dubbellaagse modus, die glas met solide blokken combineert\r\npanelen met nieuwere Minecraft-blokken om een nog groter kleurenpalet te creëren.\r\n\r\nHieronder staan enkele links die u wellicht nuttig vindt. Bekijk ze als je een\r\nkans.\r\n\r\nTaylor liefde\r\nAka Pangamma",
  "AboutForm_DonateText": "Koop een biertje voor me!",
  "AboutForm_DownloadText": "Download locatie",
  "AboutForm_FontMakerText": "Lettertype Maker",
  "AboutForm_LinkedOInText": "Mijn LinkedIn",
  "AboutForm_MyWebsiteText": "Mijn website",
  "AboutForm_Title": "Over PixelStacker van Pangamma",
  "AboutForm_WoolcityProjectText": "Bezoek het Wool City-project",
  "Action_Add_0": "'{0}' toevoegen",
  "Action_DisableQuantizer": "Schakel Quantizer uit",
  "Action_EnableQuantizer": "Schakel Quantizer in",
  "Action_Filter": "Filter",
  "Action_Open": "Open",
  "Action_Redo": "Klaar",
  "Action_Remove_0": "'{0}' verwijderen",
  "Action_Save": "Opslaan",
  "Action_Undo": "Ongedaan maken",
  "Action_View": "Visie",
  "AreYouSure": "Weet je het zeker?",
  "DDL_SelectProfile": "Kies een profiel",
  "ErrorSender_ErrorOccurred": "Er is een fout opgetreden.",
  "ErrorSender_Github": "Github-probleem.",
  "ErrorSender_IncludeImage": "Bent u bereid uw huidige afbeelding te uploaden voor analyse? (Optioneel)",
  "ErrorSender_No": "Nee, sla het rapport voorlopig over.",
  "ErrorSender_SavedOptions": "Upload de huidige opgeslagen optie-instellingen. (Verplicht)",
  "ErrorSender_SendMeSomeInfo": "Bent u bereid mij wat informatie te sturen om me te helpen deze fout op te lossen?\r\nZo ja, dan wordt de volgende informatie gezipt. Vervolgens kunt u de info naar\r\nmij als een",
  "ErrorSender_StackTrace": "Upload stacktrace + foutmeldingen. (Verplicht)",
  "ErrorSender_Title": "Foutmelding",
  "ErrorSender_Version": "Huidige PixelStacker-versie (vereist)",
  "ErrorSender_Yes": "Ja! Zip wat informatie zodat het probleem kan worden verholpen.",
  "Error_CannotExceedWorldHeight_0": "Minecraft kan geen afbeeldingen ondersteunen die groter zijn dan {0} blokken hoog.",
  "Error_GlassRequiredForMultiLayer": "Er moet ten minste één glasmateriaal zijn ingeschakeld als u ervoor kiest om meerdere lagen te vereisen.",
  "Error_NeedMoreRam": "Niet genoeg geheugen. Probeer het opnieuw of verklein de afbeeldingsgrootte als het probleem zich blijft voordoen.",
  "Error_NonGlassRequired": "Er moet ten minste één niet-glasmateriaal worden geselecteerd.",
  "Error_OneMaterialRequired": "Er moet altijd minimaal één materiaal zijn ingeschakeld.",
  "Error_SomethingIsWrong": "Er is hier iets mis.",
  "MainForm_Open_Title": "Open bestand",
  "MainForm_SaveColorPalette_Title": "Sla kleurenpalet op",
  "MainForm_Save_Title": "Opslaan",
  "MainForm_Title": "PixelStacker van Pangamma",
  "MainMenu_About": "Over",
  "MainMenu_CP_AllColors_Compact": "Alle kleuren (compact)",
  "MainMenu_CP_AllColors_Detailed": "Alle kleuren (gedetailleerd)",
  "MainMenu_CP_Brick": "Steen",
  "MainMenu_CP_Graph": "Grafiek",
  "MainMenu_CP_Square": "Vierkant",
  "MainMenu_DownOneLayer": "1 laag naar beneden",
  "MainMenu_Edit": "Bewerk",
  "MainMenu_ExportSettings": "Exporteer instellingen",
  "MainMenu_File": "het dossier",
  "MainMenu_Help": "Help",
  "MainMenu_Language": "Taal",
  "MainMenu_Lang_Chinese": "Versimpeld Chinees)",
  "MainMenu_Lang_Danish": "Deens",
  "MainMenu_Lang_Dutch": "Nederlands",
  "MainMenu_Lang_English": "Engels",
  "MainMenu_Lang_French": "Frans",
  "MainMenu_Lang_German": "Duitse",
  "MainMenu_Lang_Japanese": "Japans",
  "MainMenu_Lang_Korean": "Koreaans",
  "MainMenu_Lang_Spanish": "Spaans",
  "MainMenu_LayerFiltering": "Laagfilter",
  "MainMenu_MaterialOptions": "Materiaalopties",
  "MainMenu_OtherOptions": "Andere opties",
  "MainMenu_PreRender": "Pre-render",
  "MainMenu_QuantizerOptions": "Quantizer-opties",
  "MainMenu_Render": "Render",
  "MainMenu_ReOpen": "Heropenen",
  "MainMenu_SaveColorPalette": "Bewaar kleurenpalet",
  "MainMenu_SaveSettings": "Instellingen opslaan",
  "MainMenu_ToggleBorder": "Wissel grens",
  "MainMenu_ToggleGrid": "Wissel raster",
  "MainMenu_ToggleHideTexture": "Schakel Verberg structuur in",
  "MainMenu_ToggleLayerFilter": "Wissel tussen laagfilter",
  "MainMenu_TogglePalette": "Schakelen tussen palet",
  "MainMenu_ToggleProgress": "Schakel Voortgang",
  "MainMenu_Tools": "Gereedschap",
  "MainMenu_UpOneLayer": "1 laag omhoog",
  "MaterialSelect_ColorProfile": "Kleurprofiel",
  "MaterialSelect_IsMultiLayer": "Schakel 2e laag in",
  "MaterialSelect_IsMultiLayerRequired": "Vereist 2e laag",
  "MaterialSelect_IsSideView": "Zijaanzicht",
  "MaterialSelect_Title": "Materiaalkeuze",
  "OtherOptions_btnFactoryReset": "Fabrieksinstellingen",
  "OtherOptions_cbxIsFrugalWithMaterials": "Voeg extra diepteschaduwen toe aan renderingen",
  "OtherOptions_cbxIsSideView": "Zijaanzicht? (Heeft invloed op de uitvoeroriëntatie)",
  "OtherOptions_cbxSkipShadowRendering": "Sla schaduwweergave over",
  "OtherOptions_ConfirmFactoryReset": "Weet u zeker dat u alle PixelStacker-opties wilt terugzetten naar de standaardinstellingen? Bevat materialen, formaten, weergavestaten, weergave-opties, etc.",
  "OtherOptions_GridColor": "Rasterkleur",
  "OtherOptions_GridSize": "Rastergrootte",
  "OtherOptions_MaxHeight": "Maximale hoogte",
  "OtherOptions_MaxWidth": "Maximale wijdte",
  "OtherOptions_Title": "Andere opties",
  "PreRenderOptions_Algorithm": "Algoritme",
  "PreRenderOptions_Algorithm_Tooltip": "Verschillende algoritmen gebruiken verschillende strategieën voor\r\nkleuren combineren. Sommigen gebruiken kleurenemmers,\r\nanderen maken gebruik van de locatieafstand tot de kleuren in de buurt komt. Proberen\r\nze allemaal en bepaal welke je favoriet is.",
  "PreRenderOptions_ColorCache": "Kleurcache",
  "PreRenderOptions_ColorCacheSize": "Kleurcachegrootte",
  "PreRenderOptions_ColorCacheSize_Tooltip": "Kleinere waarden zijn sneller maar minder nauwkeurig.\r\nHogere waarden zijn langzamer maar nauwkeuriger.",
  "PreRenderOptions_ColorCount": "Kleur tellen",
  "PreRenderOptions_ColorCount_Tooltip": "Max. Aantal kleuren.",
  "PreRenderOptions_Dither": "Dither",
  "PreRenderOptions_Dither_Tooltip": "Sommige mensen houden van dithering.\r\nIk niet. Dat doe ik nooit. Ik haat\r\ndithering. Maar goed, jij ook?",
  "PreRenderOptions_Parallel": "Parallel",
  "PreRenderOptions_Parallel_Tooltip": "Versnel het kwantiseringsproces door te nemen\r\nvoordeel van een multicore CPU.\r\n\r\nLagere waarden = stabieler\r\nHogere waarden = sneller\r\nSuperhoge waarden = mogelijke storingen",
  "PreRenderOptions_QuantizerSettings": "QuantizerSettings",
  "Progress_CompilingColorMap": "Opstellen van een kleurenkaart.",
  "Progress_Finished": "Afgewerkt.",
  "Progress_PreparingCanvasForTextures": "Canvas voorbereiden om te schilderen.",
  "Progress_QuantizingImage": "Kwantisering van afbeelding",
  "RenderedImagePanel_AddAll": "Voeg alles toe",
  "RenderedImagePanel_AvgColorCode": "Gemiddelde kleurcode",
  "RenderedImagePanel_MaterialFilter": "Materiaal filter",
  "RenderedImagePanel_RemoveAll": "Verwijder alles",
  "RenderedImagePanel_ReplaceColor": "Kleur vervangen (vereist opnieuw renderen)"
}