{
  "AboutForm_Description": "你好呀！\r\n\r\n希望您到目前为止喜欢这个程序。我将此程序作为概念证明\r\n 用于创建高质量的pixelart。该系统提供了一些查看选项，以帮助\r\n您实际上是在游戏中制作艺术作品。您还可以保存为PNG或示意图格式。\r\n最重要的是。您可以使用结合了彩色玻璃的双层模式\r\n具有更新的Minecraft块的面板可创建更大的颜色调色板。\r\n\r\n这下面是一些您可能会发现有用的链接。检查他们，如果你得到一个\r\n机会。\r\n\r\n泰勒·洛夫（Taylor Love）\r\n阿卡·庞加玛（Aka Pangamma）",
  "AboutForm_DonateText": "给我买啤酒！",
  "AboutForm_DownloadText": "下载位置",
  "AboutForm_FontMakerText": "字体制作者",
  "AboutForm_LinkedOInText": "泰勒的LinkedIn",
  "AboutForm_MyWebsiteText": "我的网站",
  "AboutForm_Title": "关于Pangamma的PixelStacker",
  "AboutForm_WoolcityProjectText": "参观羊毛城项目",
  "Action_Add_0": "添加“ {0}”",
  "Action_DisableQuantizer": "禁用量化器",
  "Action_EnableQuantizer": "启用量化器",
  "Action_Filter": "筛选",
  "Action_Open": "打开",
  "Action_Redo": "准备好",
  "Action_Remove_0": "删除“ {0}”",
  "Action_Save": "救",
  "Action_Undo": "撤消",
  "Action_View": "看法",
  "AreYouSure": "你确定吗？",
  "DDL_SelectProfile": "选择个人资料",
  "ErrorSender_ErrorOccurred": "发生了错误。",
  "ErrorSender_Github": "Github问题。",
  "ErrorSender_IncludeImage": "您愿意上传当前图像进行分析吗？ （选修的）",
  "ErrorSender_No": "不，暂时跳过报告。",
  "ErrorSender_SavedOptions": "上载当前保存的选项设置。 （必需的）",
  "ErrorSender_SendMeSomeInfo": "您愿意向我发送一些信息来帮助我解决此错误吗？\r\n如果是，将压缩以下信息。然后，您可以将信息发送到\r\n我作为",
  "ErrorSender_StackTrace": "上载stacktrace +错误消息。 （必需的）",
  "ErrorSender_Title": "错误报告器",
  "ErrorSender_Version": "当前的PixelStacker版本（必需）",
  "ErrorSender_Yes": "是的！压缩一些信息，以便可以解决此问题。",
  "Error_GlassRequiredForMultiLayer": "当您选择需要多层时，必须启用至少一种玻璃材料。",
  "Error_NeedMoreRam": "内存不足。如果问题仍然存在，请重试或减小图像尺寸。",
  "Error_NonGlassRequired": "必须至少选择一种非玻璃材料。",
  "Error_OneMaterialRequired": "必须始终启用至少一种材料。",
  "Error_SomethingIsWrong": "这里不对劲。",
  "MainForm_Open_Title": "打开文件",
  "MainForm_SaveColorPalette_Title": "保存调色板",
  "MainForm_Save_Title": "救",
  "MainForm_Title": "Pangamma的PixelStacker",
  "MainMenu_About": "关于",
  "MainMenu_CP_AllColors_Compact": "所有颜色（紧凑）",
  "MainMenu_CP_AllColors_Detailed": "所有颜色（详细）",
  "MainMenu_CP_Brick": "砖",
  "MainMenu_CP_Graph": "图形",
  "MainMenu_CP_Square": "正方形",
  "MainMenu_DownOneLayer": "羽绒1层",
  "MainMenu_Edit": "编辑",
  "MainMenu_ExportSettings": "汇出设定",
  "MainMenu_File": "文件",
  "MainMenu_Help": "帮助",
  "MainMenu_Language": "语言",
  "MainMenu_Lang_Chinese": "简体中文）",
  "MainMenu_Lang_Danish": "丹麦文",
  "MainMenu_Lang_English": "英语",
  "MainMenu_Lang_French": "法语",
  "MainMenu_Lang_German": "德语",
  "MainMenu_Lang_Japanese": "日本人",
  "MainMenu_Lang_Korean": "韩国人",
  "MainMenu_Lang_Spanish": "西班牙语",
  "MainMenu_LayerFiltering": "图层过滤",
  "MainMenu_MaterialOptions": "材料选择",
  "MainMenu_OtherOptions": "其他选择",
  "MainMenu_PreRender": "预渲染",
  "MainMenu_QuantizerOptions": "量化器选项",
  "MainMenu_Render": "使成为",
  "MainMenu_ReOpen": "重新开放",
  "MainMenu_SaveColorPalette": "保存调色板",
  "MainMenu_SaveSettings": "保存设置",
  "MainMenu_ToggleBorder": "切换边框",
  "MainMenu_ToggleGrid": "切换网格",
  "MainMenu_ToggleHideTexture": "切换隐藏纹理",
  "MainMenu_ToggleLayerFilter": "切换图层过滤器",
  "MainMenu_TogglePalette": "切换调色板",
  "MainMenu_ToggleProgress": "切换进度",
  "MainMenu_Tools": "工具",
  "MainMenu_UpOneLayer": "上一层",
  "MaterialSelect_ColorProfile": "颜色配置文件",
  "MaterialSelect_IsMultiLayer": "启用第二层",
  "MaterialSelect_IsMultiLayerRequired": "需要第二层",
  "MaterialSelect_IsSideView": "侧面图",
  "MaterialSelect_Title": "材料选择",
  "OtherOptions_btnFactoryReset": "恢复出厂设置",
  "OtherOptions_cbxIsFrugalWithMaterials": "为渲染添加额外的深度阴影",
  "OtherOptions_cbxIsSideView": "侧面图？ （影响输出方向）",
  "OtherOptions_cbxSkipShadowRendering": "跳过阴影渲染",
  "OtherOptions_ConfirmFactoryReset": "您确定要将所有PixelStacker选项重置为默认设置吗？包括材料，尺寸，视图状态，渲染选项等。",
  "OtherOptions_GridColor": "网格颜色",
  "OtherOptions_GridSize": "网格尺寸",
  "OtherOptions_MaxHeight": "最大高度",
  "OtherOptions_MaxWidth": "最大宽度",
  "OtherOptions_Title": "其他选择",
  "PreRenderOptions_Algorithm": "算法",
  "PreRenderOptions_Algorithm_Tooltip": "不同的算法使用不同的策略\r\n将颜色组合在一起。有些使用色桶，\r\n其他人则使用与附近颜色的位置距离。尝试\r\n他们所有，并决定哪一个是您的最爱。",
  "PreRenderOptions_ColorCache": "颜色缓存",
  "PreRenderOptions_ColorCacheSize": "颜色缓存大小",
  "PreRenderOptions_ColorCacheSize_Tooltip": "较小的值更快但准确性较低。\r\n较高的值较慢，但更准确。",
  "PreRenderOptions_ColorCount": "色数",
  "PreRenderOptions_ColorCount_Tooltip": "最大颜色数。",
  "PreRenderOptions_Dither": "颤动",
  "PreRenderOptions_Dither_Tooltip": "有些人喜欢抖动。\r\n我不。我从来没有做。我恨\r\n抖动。但是，嘿-你做到了。",
  "PreRenderOptions_Parallel": "平行线",
  "PreRenderOptions_Parallel_Tooltip": "通过采取以下措施来加速量化过程\r\n多核CPU的优势。\r\n\r\n较低的值=更稳定\r\n更高的值=更快\r\n超高值=可能出现故障",
  "PreRenderOptions_QuantizerSettings": "量化器设置",
  "Progress_CompilingColorMap": "编译颜色图。",
  "Progress_Finished": "完成的。",
  "Progress_PreparingCanvasForTextures": "准备绘画的画布。",
  "Progress_QuantizingImage": "量化影像",
  "RenderedImagePanel_AddAll": "加入所有",
  "RenderedImagePanel_AvgColorCode": "平均色码",
  "RenderedImagePanel_MaterialFilter": "物料过滤器",
  "RenderedImagePanel_RemoveAll": "移除所有",
  "RenderedImagePanel_ReplaceColor": "替换颜色（需要重新渲染）",
  "Error_CannotExceedWorldHeight_0": "Minecraft无法支持高度大于{0}个图块的图片。",
  "MainMenu_Lang_Dutch": "荷兰语"
}